"item-img href","checkedimg2 src","btn","item-brand href","item-brand src","item-rating href","item-rating-num","item-title","item-promo","item-features","item-features 2","item-features 3","item-features 4","item-features 5","item-features 6","item-features 7","item-features 8","item-features 9","item-features 10","price-was-data","price-current 2","price-current 3","price-save-label","price-save-dollar","price-save-percent","price-ship","btn 2","form-checkbox-title","product-price-ship-eligible","product-delivery-title","message-information"
"https://www.newegg.com/ipason-s6-zhanjing/p/3D5-001U-000Z3","https://c1.neweggimages.com/productimage/nb300/AZEBS2411270LEED00A.jpg","Quick View","https://www.newegg.com/IPASON/BrandStore/ID-211969","https://c1.neweggimages.com/brandimage/Brand211969.gif","https://www.newegg.com/ipason-s6-zhanjing/p/3D5-001U-000Z3#IsFeedbackTab","(614)","IPASON - Gaming desktop - AMD Ryzen 5 5600G 6 core 3.9GHz - 16GB DDR4 3200MHz - 1TB M.2 NVMe - 550W PSU - Windows 11 home - WIFI - Gaming PC","Release Date: 01/10/2025","Gaming & Entertainment","Type:","Desktop","Form Factor:","Consumer","Usage:","Black/White","Color:","egg5600g500g16g","Model #:","$849.00","489",".00","Save:","$360.00","(42%)","Free Shipping","Pre-order","Compare","","",""
"https://www.newegg.com/p/N82E16883630067","https://c1.neweggimages.com/productimage/nb300/83-630-067-02.jpg","Quick View","https://www.newegg.com/YEYIAN/BrandStore/ID-207638","https://c1.neweggimages.com/brandimage/Brand207638.gif","https://www.newegg.com/p/N82E16883630067#IsFeedbackTab","(255)","Yeyian Yumi Gaming Desktop, Intel Core i5-14400F, RTX 4060 – AI Integrated, 32GB DDR4, 1TB SSD Gen 4.0, YPI-YU44F0C-4601N","Get Intel Holiday Bundle w/ purchase, limited offer","GeForce RTX 4060","GPU/VGA Type:","Intel Core i5-14400F","CPU Name:","32GB DDR4","Memory Capacity:","Windows 11 Home","Operating System:","YPI-YU44F0C-4601N","Model #:","$929.99","799",".99","Save:","$130.00","(13%)","","Add to cart","Compare","Free Shipping","from United States",""
"https://www.newegg.com/yeyian-ypi-yu34f0c-4601n-phoenix-glass/p/N82E16883630057","https://c1.neweggimages.com/productimage/nb300/83-630-057-08.jpg","Quick View","https://www.newegg.com/YEYIAN/BrandStore/ID-207638","https://c1.neweggimages.com/brandimage/Brand207638.gif","https://www.newegg.com/yeyian-ypi-yu34f0c-4601n-phoenix-glass/p/N82E16883630057#IsFeedbackTab","(255)","Yeyian Yumi Gaming PC, Intel Core i5-13400F, GeForce RTX 4060 - AI Accelerated, 32GB DDR5 5600MHz RGB, 2TB SSD, 650W PSU, Windows 11 Home, YPI-YU34F0C-4601N","","GeForce RTX 4060","GPU/VGA Type:","Intel Core i5-13400F","CPU Name:","32GB DDR5","Memory Capacity:","Windows 11 Home 64-bit","Operating System:","YPI-YU34F0C-4601N","Model #:","$1,399.99","869",".99","Save:","$530.00","(37%)","Free Shipping","Back order","Compare","","","This product is temporarily out of stock because of high demand, we will replenish it as soon as possible."
"https://www.newegg.com/yeyian-ypi-yu27f0c-4601n/p/N82E16883630043","https://c1.neweggimages.com/productimage/nb300/83-630-043-06.jpg","Quick View","https://www.newegg.com/YEYIAN/BrandStore/ID-207638","https://c1.neweggimages.com/brandimage/Brand207638.gif","https://www.newegg.com/yeyian-ypi-yu27f0c-4601n/p/N82E16883630043#IsFeedbackTab","(255)","Yeyian Yumi Gaming PC Desktop, Intel Core i7-12700F, Nvidia RTX 4060, 32GB DDR4 3200MHz, 1TB SSD, 650W Gold PSU, AC Wi-Fi, Windows 11 64-bit, YPI-YU27F0C-4601N","","GeForce RTX 4060","GPU/VGA Type:","Intel Core i7-12700F","CPU Name:","32GB DDR4","Memory Capacity:","Windows 11 Home 64-bit","Operating System:","YPI-YU27F0C-4601N","Model #:","$1,299.00","909",".00","Save:","$390.00","(30%)","Free Shipping","Back order","Compare","","","This product is temporarily out of stock because of high demand, we will replenish it as soon as possible."
"https://www.newegg.com/p/N82E16883630061","https://c1.neweggimages.com/productimage/nb300/83-630-061-12.jpg","Quick View","https://www.newegg.com/YEYIAN/BrandStore/ID-207638","https://c1.neweggimages.com/brandimage/Brand207638.gif","https://www.newegg.com/p/N82E16883630061#IsFeedbackTab","(255)","Yeyian Yumi Gaming Desktop PC, AMD Ryzen 7 7500X, NVIDIA GeForce RTX 4060 - AI Accelerated, 32GB DDR4, 1TB PCIe SSD, 120mm AIO Liquid Cooler, 650W PSU, Windows 11 Home 64-bit, YPA-YU570XC-4601N","","YEYIAN 650W 80+ Gold","Power Supply:","Wi-Fi 6","WiFi Generation:","ASUS GeForce RTX 4060 - AI Accelerated","Graphics:","Gaming & Entertainment","Type:","YPA-YU570XC-4601N","Model #:","$1,399.99","879",".99","Save:","$520.00","(37%)","Free Shipping","Back order","Compare","","","This product is temporarily out of stock because of high demand, we will replenish it as soon as possible."
"https://www.newegg.com/Product/ComboDealDetails?ItemList=Combo.4732985","https://c1.neweggimages.com/productimage/nb300/combo4732985.jpg","Add to cart","","","","","GPU Desktop Combo -  ASRock RX6600 CLD 8G Bundle with  AVGPC AV-MAX-5600G","","","","","","","","","","","","$679.96","674",".96","Combo Savings:","$5.00","","","","","","",""
"https://www.newegg.com/p/N82E16883360556","https://c1.neweggimages.com/productimage/nb300/83-360-556-01.jpg","Quick View","https://www.newegg.com/ABS/BrandStore/ID-8484","https://c1.neweggimages.com/brandimage/Brand8484.gif","https://www.newegg.com/p/N82E16883360556#IsFeedbackTab","(213)","ABS Cyclone Aqua Gaming PC Powered by Asus - Windows 11 - Intel i5 13400F - GeForce RTX 4060 8GB - DLSS 3 - AI-Powered Performance - 32GB DDR4 3200MHz - 1TB M.2 NVMe SSD - CA13400F40602","","ABS 650W 80+ Gold","Power Supply:","415mm x 200mm x 320.5mm","Dimensions (H x W x D):","Asus Dual RTX 4060 with support for DLSS 3 - AI-Powered Performance","Graphics:","Gaming & Entertainment","Type:","CA13400F40602","Model #:","$999.99","799",".99","Save:","$200.00","(20%)","Free Shipping","Back order","Compare","","","This product is temporarily out of stock because of high demand, we will replenish it as soon as possible."
"https://www.newegg.com/Product/ComboDealDetails?ItemList=Combo.4732986","https://c1.neweggimages.com/productimage/nb300/combo4732986.jpg","Add to cart","","","","","GPU Desktop Combo -  ASUS DUAL-RTX3060-O12G-V2 Bundle with  AVGPC AV-MAX-5600G","","","","","","","","","","","","$789.96","784",".96","Combo Savings:","$5.00","","","","","","",""
"https://www.newegg.com/p/3D5-001U-001M4","https://c1.neweggimages.com/productimage/nb300/AZEBS2411280GAYJX03.jpg","Quick View","https://www.newegg.com/IPASON/BrandStore/ID-211969","https://c1.neweggimages.com/brandimage/Brand211969.gif","https://www.newegg.com/p/3D5-001U-001M4#IsFeedbackTab","(113)","IPASON   Gaming Desktop, Intel i5 12400F, NVIDIA RTX 4060 8GB,16GB DDR4 RAM, 1TB M.2 NVMe SSD, Windows 11 home,WIFI, Air Cooler,  RGB Fans ,Pc for GamingDesignOffice, Prebuilt Gaming Pc","Release Date: 01/10/2025","Intel Core i5 12th Gen","CPU Type:","2.50GHz","CPU Base Frequency:","4.4GHz","Turbo Frequency:","EGG-12400F+3060-1","Model #:","","","$2,599.99","789",".00","Save:","$1,810.99","(69%)","Free Shipping","Pre-order","Compare","","",""
"https://www.newegg.com/abs-ca14700f4060ti-cyclone-aqua/p/N82E16883360492","https://c1.neweggimages.com/productimage/nb300/83-360-492-01.jpg","Quick View","https://www.newegg.com/ABS/BrandStore/ID-8484","https://c1.neweggimages.com/brandimage/Brand8484.gif","https://www.newegg.com/abs-ca14700f4060ti-cyclone-aqua/p/N82E16883360492#IsFeedbackTab","(108)","ABS Cyclone Aqua Gaming PC - Windows 11 - Intel i7 14700F - GeForce RTX 4060 Ti 8GB - DLSS 3.5 - AI-Powered Performance - 32GB DDR5 6000MHz - 1TB M.2 NVMe SSD - CA14700F4060ti","","ABS Cyclone 650W 80+ Gold","Power Supply:","Wi-Fi 5","WiFi Generation:","16.34"" x 7.87"" x 12.62""","Dimensions (H x W x D):","Gigabyte GeForce RTX 4060 Ti Windforce OC 8G with support for DLSS 3.5 - AI-Powered Performance","Graphics:","CA14700F4060ti","Model #:","$1,799.99","1,149",".99","Save:","$650.00","(36%)","Free Shipping","Back order","Compare","","","This product is temporarily out of stock because of high demand, we will replenish it as soon as possible."
"https://www.newegg.com/p/N82E16883360554","https://c1.neweggimages.com/productimage/nb300/83-360-554-01.jpg","Quick View","https://www.newegg.com/ABS/BrandStore/ID-8484","https://c1.neweggimages.com/brandimage/Brand8484.gif","https://www.newegg.com/p/N82E16883360554#IsFeedbackTab","(108)","ABS Cyclone Aqua Gaming PC – Windows 11 - Intel i7 14700F – GeForce RTX 4060 TI 8G – DLSS 3.5 - AI-Powered Performance - 32GB DDR5 6000MHz - 1TB M.2 NVMe SSD – CA14700F4060TI2","Get Intel Holiday Bundle w/ purchase, limited offer","ABS 650W 80+ Gold ATX PSU","Power Supply:","16.34"" x 7.87"" x 12.62""","Dimensions (H x W x D):","MSI GeForce RTX 4060 Ti 8G Ventus 2X with support for DLSS 3.5 - AI-Powered Performance","Graphics:","Gaming & Entertainment","Type:","CA14700F4060TI2","Model #:","$1,699.99","1,149",".99","Save:","$550.00","(32%)","","Add to cart","Compare","Free Shipping","from United States",""
"https://www.newegg.com/p/N82E16883630062","https://c1.neweggimages.com/productimage/nb300/83-630-062-02.jpg","Quick View","https://www.newegg.com/YEYIAN/BrandStore/ID-207638","https://c1.neweggimages.com/brandimage/Brand207638.gif","https://www.newegg.com/p/N82E16883630062#IsFeedbackTab","(102)","Yeyian Tanto Gaming Desktop PC, Intel Core i5-14400F, Nvidia RTX 4070 - AI Integrated, 32GB DDR5 6000MHz RGB, 1TB SSD NVMe Gen 4.0, Windows 11 Home, YPI-TA44F0C-4701N","Get Intel Holiday Bundle w/ purchase, limited offer","GeForce RTX 4070","GPU/VGA Type:","Intel Core i5-14400F","CPU Name:","32GB DDR5","Memory Capacity:","Windows 11 Home 64-bit","Operating System:","YPI-TA44F0C-4701N","Model #:","$1,499.99","1,149",".99","Save:","$350.00","(23%)","","Add to cart","Compare","Free Shipping","from United States",""
"https://www.newegg.com/yeyian-ypi-ta34f0b-47s1n-tanto/p/N82E16883630048","https://c1.neweggimages.com/productimage/nb300/83-630-048-10.jpg","Quick View","https://www.newegg.com/YEYIAN/BrandStore/ID-207638","https://c1.neweggimages.com/brandimage/Brand207638.gif","https://www.newegg.com/yeyian-ypi-ta34f0b-47s1n-tanto/p/N82E16883630048#IsFeedbackTab","(102)","Yeyian Tanto Gaming Desktop, Intel Core i5-13400F, 16GB DDR5, 1TB PCIe SSD, GeForce RTX 4070 SUPER, Windows 11 Home 64-bit, YPI-TA34F0B-47S1N","Get Intel Holiday Bundle w/ purchase, limited offer","YEYIAN 650W 80+ Gold","Power Supply:","Wi-Fi 6","WiFi Generation:","GeForce RTX 4070 Super OC (ASUS)","Graphics:","Gaming & Entertainment","Type:","YPI-TA34F0B-47S1N","Model #:","$1,599.99","1,199",".99","Save:","$400.00","(25%)","","Add to cart","Compare","Free Shipping","from United States",""
"https://www.newegg.com/yeyian-ypi-ta34f0b-4701u-tanto/p/N82E16883630033","https://c1.neweggimages.com/productimage/nb300/83-630-033-30.jpg","Quick View","https://www.newegg.com/YEYIAN/BrandStore/ID-207638","https://c1.neweggimages.com/brandimage/Brand207638.gif","https://www.newegg.com/yeyian-ypi-ta34f0b-4701u-tanto/p/N82E16883630033#IsFeedbackTab","(102)","Yeyian Tanto Gaming Desktop - AI Integrated Intel Core i5 13th Gen 13400F, NVIDIA GeForce RTX 4070,16GB DDR5 1 TB PCIe SSD Windows 11 Home 64-bit - YPI-TA34F0B-4701U","Get Intel Holiday Bundle w/ purchase, limited offer","650W 80+ Gold","Power Supply:","Wi-Fi 6","WiFi Generation:","NVIDIA GeForce RTX 4070 12 GB GDDR6","Graphics:","Gaming & Entertainment","Type:","YPI-TA34F0B-4701U","Model #:","$1,599.00","1,079",".99","Save:","$519.01","(32%)","","Add to cart","Compare","Free Shipping","from United States",""
"https://www.newegg.com/yeyian-ypi-ta34f0b-4601n/p/N82E16883630042","https://c1.neweggimages.com/productimage/nb300/83-630-042-04.jpg","Quick View","https://www.newegg.com/YEYIAN/BrandStore/ID-207638","https://c1.neweggimages.com/brandimage/Brand207638.gif","https://www.newegg.com/yeyian-ypi-ta34f0b-4601n/p/N82E16883630042#IsFeedbackTab","(102)","Yeyian Tanto Gaming PC Desktop, Intel Core i5-13400F, Nvidia RTX 4060, 16GB DDR5 5600MHz, 1TB NVMe SSD, 650W Gold PSU, AC Wi-Fi, Windows 11 64-bit, YPI-TA34F0B-4601N","","GeForce RTX 4060","GPU/VGA Type:","Intel Core i5-13400F","CPU Name:","16GB DDR5","Memory Capacity:","Windows 11 Home 64-bit","Operating System:","YPI-TA34F0B-4601N","Model #:","$1,099.00","749",".99","Save:","$349.01","(31%)","Free Shipping","Back order","Compare","","","This product is temporarily out of stock because of high demand, we will replenish it as soon as possible."
"https://www.newegg.com/yeyian-ypa-ta750fb-4601u-yumi/p/N82E16883630034","https://c1.neweggimages.com/productimage/nb300/83-630-034-11.jpg","Quick View","https://www.newegg.com/YEYIAN/BrandStore/ID-207638","https://c1.neweggimages.com/brandimage/Brand207638.gif","https://www.newegg.com/yeyian-ypa-ta750fb-4601u-yumi/p/N82E16883630034#IsFeedbackTab","(102)","Yeyian Tanto Gaming Desktop, AMD Ryzen 5 7500F, 16GB DDR5, 1TB PCIe SSD, GeForce RTX 4060, Windows 11 Home 64-bit, YPA-TA750FB-4601U","","GeForce RTX 4060","GPU/VGA Type:","AMD Ryzen 5 7500F","CPU Name:","16GB DDR5","Memory Capacity:","Windows 11 Home 64-bit","Operating System:","YPA-TA750FB-4601U","Model #:","$1,099.00","849",".00","Save:","$250.00","(22%)","Free Shipping","Back order","Compare","","",""
"https://www.newegg.com/yeyian-ypi-ta44f0c-46t1n-tanto/p/N82E16883630058","https://c1.neweggimages.com/productimage/nb300/83-630-058-01.jpg","Quick View","https://www.newegg.com/YEYIAN/BrandStore/ID-207638","https://c1.neweggimages.com/brandimage/Brand207638.gif","https://www.newegg.com/yeyian-ypi-ta44f0c-46t1n-tanto/p/N82E16883630058#IsFeedbackTab","(102)","Yeyian Tanto Gaming PC Desktop, Intel Core i5-14400F - AI Accelerated, NVIDIA RTX 4060 Ti, 32GB DDR5 6000MHz RGB, 1TB SSD, 650W Wi-Fi, Windows 11 64-bit, YPI-TA44F0C-46T1N","Get Intel Holiday Bundle w/ purchase, limited offer","GeForce RTX 4060 Ti","GPU/VGA Type:","Intel Core i5-14400F","CPU Name:","32GB DDR5","Memory Capacity:","Windows 11 Home 64-bit","Operating System:","YPI-TA44F0C-46T1N","Model #:","$1,399.99","969",".99","Save:","$430.00","(30%)","","Add to cart","Compare","Free Shipping","from United States",""
"https://www.newegg.com/p/N82E16883630065","https://c1.neweggimages.com/productimage/nb300/83-630-065-03.jpg","Quick View","https://www.newegg.com/YEYIAN/BrandStore/ID-207638","https://c1.neweggimages.com/brandimage/Brand207638.gif","https://www.newegg.com/p/N82E16883630065#IsFeedbackTab","(102)","Yeyian Tanto Gaming Desktop PC, Intel Core i7 14700F, Nvidia RTX 4070 SUPER, 32GB DDR5 6000MHz RGB, 1TB Gen 4.0 SSD, Windows 11 Home 64-bit, YPI-TA47F0C-47S1N","","YEYIAN 650W 80+ Gold","Power Supply:","Wi-Fi 6","WiFi Generation:","GeForce RTX 4070 Super 12G Ventus 2X OC (MSI)","Graphics:","Gaming & Entertainment","Type:","YPI-TA47F0C-47S1N","Model #:","$1,599.99","1,349",".99","Save:","$250.00","(15%)","Free Shipping","Back order","Compare","","","This product is temporarily out of stock because of high demand, we will replenish it as soon as possible."
"https://www.newegg.com/acer-po3-640g-ur11-predator/p/N82E16883101889","https://c1.neweggimages.com/productimage/nb300/83-101-889-08.jpg","Quick View","https://www.newegg.com/Acer-America/BrandStore/ID-1146","https://c1.neweggimages.com/brandimage/Brand1146.gif","https://www.newegg.com/acer-po3-640g-ur11-predator/p/N82E16883101889#IsFeedbackTab","(93)","Acer Gaming Desktop Predator Orion 3000 PO3-640G-UR11 Intel Core i7-12700F 16GB DDR4 1TB HDD 512 GB PCIe SSD GeForce RTX 3060 Windows 11 Home 64-bit","","GeForce RTX 3060","GPU/VGA Type:","Intel Core i7-12700F","CPU Name:","16GB DDR4","Memory Capacity:","1TB","HDD:","DG.E36AA.002","Model #:","","1,882",".00","","","","","Add to cart","Compare","Free Shipping","from United States",""
"https://www.newegg.com/p/N82E16883151551","https://c1.neweggimages.com/productimage/nb300/83-151-551-01.jpg","Quick View","https://www.newegg.com/MSI/BrandStore/ID-1312","https://c1.neweggimages.com/brandimage/Brand1312.gif","https://www.newegg.com/p/N82E16883151551#IsFeedbackTab","(90)","MSI Codex R2 Gaming Desktop, Intel Core i7-14700F, GeForce RTX 4070, 32GB DDR5, 1TB M.2 NVMe SSD, Windows 11 Home, Advance, Codex R2C C14NUE7-289US","Get Intel Holiday Bundle w/ purchase, limited offer","650W 80+ Gold","Power Supply:","2.5Gbps","LAN Speed:","Wi-Fi 7","WiFi Generation:","16.1"" x 8.4"" x 19.1""","Dimensions (H x W x D):","Codex R2C C14NUE7-289US","Model #:","$1,599.00","1,349",".00","Save:","$250.00","(15%)","","Add to cart","Compare","Free Shipping","from United States",""
"https://www.newegg.com/p/N82E16883151547","https://c1.neweggimages.com/productimage/nb300/83-151-546-07.jpg","Quick View","https://www.newegg.com/MSI/BrandStore/ID-1312","https://c1.neweggimages.com/brandimage/Brand1312.gif","https://www.newegg.com/p/N82E16883151547#IsFeedbackTab","(90)","MSI Codex R2C Gaming Desktop, Intel Core i7-14700F, GeForce RTX 4060, 32GB Memory (16GB x 2), 2TB M.2 NVMe, USB Type-C, VR-Ready, Windows 11 Home Advanced","","650W 80+ Gold","Power Supply:","2.5Gbps","LAN Speed:","Wi-Fi 6E","WiFi Generation:","16.1"" x 8.4"" x 19.1""","Dimensions (H x W x D):","Codex R2C B14NUC7-284US","Model #:","$1,299.00","1,149",".00","Save:","$150.00","(11%)","","Add to cart","Compare","Free Shipping","from United States",""
"https://www.newegg.com/p/N82E16883151514","https://c1.neweggimages.com/productimage/nb300/83-151-511-08.jpg","Quick View","https://www.newegg.com/MSI/BrandStore/ID-1312","https://c1.neweggimages.com/brandimage/Brand1312.gif","https://www.newegg.com/p/N82E16883151514#IsFeedbackTab","(90)","MSI Codex Z2 Gaming PC, AMD Ryzen 7 8700F, GeForce RTX 4060, 16GB DDR5, 1 TB SSD, Windows 11 Home, Codex Z2 A8NUC-273US","","650W 80+ Gold","Power Supply:","2.5Gbps","LAN Speed:","Wi-Fi 6E","WiFi Generation:","8.4"" x 16.1"" x 19.1""","Dimensions (H x W x D):","Codex Z2 A8NUC-273US","Model #:","$1,149.00","949",".00","Save:","$200.00","(17%)","$16.21 Shipping","Back order","Compare","","","This product is temporarily out of stock because of high demand, we will replenish it as soon as possible."
"https://www.newegg.com/p/N82E16883151545","https://c1.neweggimages.com/productimage/nb300/83-151-551-01.jpg","Quick View","https://www.newegg.com/MSI/BrandStore/ID-1312","https://c1.neweggimages.com/brandimage/Brand1312.gif","https://www.newegg.com/p/N82E16883151545#IsFeedbackTab","(90)","MSI Codex R2 Gaming Desktop, i5-13400F, GeForce RTX 4060, 16GB Memory (8GB x 2), 1TB SSD, USB Type-C, VR-Ready, Windows 11 Home","","650W 80+ Gold","Power Supply:","10/100/1000Mbps","LAN Speed:","Wi-Fi 6E","WiFi Generation:","16"" x 8.38"" x 19""","Dimensions (H x W x D):","Codex R2C C13NUC5-287US","Model #:","$899.00","779",".00","Save:","$120.00","(13%)","","Add to cart","Compare","Free Shipping","from United States",""
"https://www.newegg.com/p/N82E16883151548","https://c1.neweggimages.com/productimage/nb300/83-151-546-07.jpg","Quick View","https://www.newegg.com/MSI/BrandStore/ID-1312","https://c1.neweggimages.com/brandimage/Brand1312.gif","https://www.newegg.com/p/N82E16883151548#IsFeedbackTab","(90)","MSI Codex R2C Gaming Desktop, Intel Core i7-14700F, GeForce RTX 4060Ti, 32GB Memory (16GB x 2), 2TB M.2 NVMe , USB Type-C, VR-Ready, Windows 11 Home Advanced","","650W 80+ Gold","Power Supply:","2.5Gbps","LAN Speed:","Wi-Fi 6E","WiFi Generation:","16.1"" x 8.4"" x 19.1""","Dimensions (H x W x D):","Codex R2C B14NUD7-285US","Model #:","$1,399.00","1,199",".00","Save:","$200.00","(14%)","Free Shipping","Back order","Compare","","","This product is temporarily out of stock because of high demand, we will replenish it as soon as possible."
"https://www.newegg.com/p/N82E16883151515","https://c1.neweggimages.com/productimage/nb300/83-151-515-21.jpg","Quick View","https://www.newegg.com/MSI/BrandStore/ID-1312","https://c1.neweggimages.com/brandimage/Brand1312.gif","https://www.newegg.com/p/N82E16883151515#IsFeedbackTab","(90)","MSI Codex R2 Gaming PC, Intel Core i5-13400F, GeForce RTX 4060, 16GB DDR5, 1 TB SSD, Windows 11 Home, Codex R2 C13NUC5-266US","","650W 80+ Gold","Power Supply:","2.5Gbps","LAN Speed:","Wi-Fi 6E","WiFi Generation:","16"" x 8.38"" x 19""","Dimensions (H x W x D):","Codex R2 C13NUC5-266US","Model #:","$899.96","885",".02","","","","","Add to cart","Compare","Free Shipping","from United States",""
"https://www.newegg.com/p/N82E16883151512","https://c1.neweggimages.com/productimage/nb300/83-151-512-15.jpg","Quick View","https://www.newegg.com/MSI/BrandStore/ID-1312","https://c1.neweggimages.com/brandimage/Brand1312.gif","https://www.newegg.com/p/N82E16883151512#IsFeedbackTab","(90)","MSI Codex R2 Gaming PC, Intel Core i7-14700F, GeForce RTX 4070, 32GB DDR5, 1 TB M.2 NVMe SSD, Windows 11 Home, Codex R2 C14NUE7-267US","Get Intel Holiday Bundle w/ purchase, limited offer","650W 80+ Gold","Power Supply:","2.5Gbps","LAN Speed:","Wi-Fi 7","WiFi Generation:","8.4"" x 16.1"" x 19.1""","Dimensions (H x W x D):","Codex R2 C14NUE7-267US","Model #:","$1,599.00","1,349",".00","Save:","$250.00","(15%)","","Add to cart","Compare","Free Shipping","from United States",""
"https://www.newegg.com/p/N82E16883151546","https://c1.neweggimages.com/productimage/nb300/83-151-546-07.jpg","Quick View","https://www.newegg.com/MSI/BrandStore/ID-1312","https://c1.neweggimages.com/brandimage/Brand1312.gif","https://www.newegg.com/p/N82E16883151546#IsFeedbackTab","(90)","MSI Codex R2 Gaming Desktop PC, Intel Core i5-14400F, GeForce RTX 4060, 32GB DDR5, 2 TB SSD, Windows 11 Home, Codex R2C B14NUC5-286US","","650W 80+ Gold","Power Supply:","2.5Gbps","LAN Speed:","Wi-Fi 6E","WiFi Generation:","16"" x 8.38"" x 19""","Dimensions (H x W x D):","Codex R2C B14NUC5-286US","Model #:","$1,099.00","959",".00","Save:","$140.00","(12%)","$13.91 Shipping","Back order","Compare","","","This product is temporarily out of stock because of high demand, we will replenish it as soon as possible."
"https://www.newegg.com/yeyian-ypi-pg37f0b-47s1n-phoenix-glass/p/N82E16883630049","https://c1.neweggimages.com/productimage/nb300/83-630-049-07.jpg","Quick View","https://www.newegg.com/YEYIAN/BrandStore/ID-207638","https://c1.neweggimages.com/brandimage/Brand207638.gif","https://www.newegg.com/yeyian-ypi-pg37f0b-47s1n-phoenix-glass/p/N82E16883630049#IsFeedbackTab","(85)","Yeyian Gaming Desktop PHOENIX GLASS YPI-PG37F0B-47S1N Intel Core i7-13700F 16GB DDR5 1 TB PCIe SSD GeForce RTX 4070 SUPER Windows 11 Home 64-bit","Get Intel Holiday Bundle w/ purchase, limited offer","GeForce RTX 4070 SUPER","GPU/VGA Type:","Intel Core i7-13700F","CPU Name:","16GB DDR5","Memory Capacity:","Windows 11 Home 64-bit","Operating System:","YPI-PG37F0B-47S1N","Model #:","$1,799.99","1,359",".99","Save:","$440.00","(24%)","","Add to cart","Compare","Free Shipping","from United States",""
"https://www.newegg.com/yeyian-ypi-pg37f0c-48s1n-phoenix-glass/p/N82E16883630056","https://c1.neweggimages.com/productimage/nb300/83-630-056-08.jpg","Quick View","https://www.newegg.com/YEYIAN/BrandStore/ID-207638","https://c1.neweggimages.com/brandimage/Brand207638.gif","https://www.newegg.com/yeyian-ypi-pg37f0c-48s1n-phoenix-glass/p/N82E16883630056#IsFeedbackTab","(85)","Yeyian Phoenix Glass Gaming Desktop PC, Intel Core i7 13700F, Nvidia GeForce RTX 4080 SUPER, 32GB DDR5 6000MHz RGB, 1TB SSD, Windows 11 Home 64-bit, YPI-PG37F0C-48S1N","Get Intel Holiday Bundle w/ purchase, limited offer","GeForce RTX 4080 SUPER","GPU/VGA Type:","Intel Core i7-13700F","CPU Name:","32GB DDR5","Memory Capacity:","Windows 11 Home 64-bit","Operating System:","YPI-PG37F0C-48S1N","Model #:","$2,499.99","1,899",".99","Save:","$600.00","(24%)","","Add to cart","Compare","Free Shipping","from United States",""
"https://www.newegg.com/yeyian-ypi-pg39kfc-47y1n-phoenix-glass/p/N82E16883630055","https://c1.neweggimages.com/productimage/nb300/83-630-055-12.jpg","Quick View","https://www.newegg.com/YEYIAN/BrandStore/ID-207638","https://c1.neweggimages.com/brandimage/Brand207638.gif","https://www.newegg.com/yeyian-ypi-pg39kfc-47y1n-phoenix-glass/p/N82E16883630055#IsFeedbackTab","(85)","Yeyian Phoenix Glass Gaming PC, Intel Core i9-13900KF, GeForce RTX 4070 Ti Super - AI Accelerated, 32GB DDR5 6000MHz RGB, 360mm AIO, 1TB SSD, 750W PSU, Windows 11 Home, YPI-PG39KFC-47Y1N","","GeForce RTX 4070 Ti SUPER","GPU/VGA Type:","Intel Core i9-13900KF","CPU Name:","32GB DDR5","Memory Capacity:","Windows 11 Home 64-bit","Operating System:","YPI-PG39KFC-47Y1N","Model #:","$2,499.99","1,889",".99","Save:","$610.00","(24%)","Free Shipping","Back order","Compare","","",""
"https://www.newegg.com/yeyian-ypi-pg47kfc-47y1n-phoenix-glass/p/N82E16883630051","https://c1.neweggimages.com/productimage/nb300/83-630-051-07.jpg","Quick View","https://www.newegg.com/YEYIAN/BrandStore/ID-207638","https://c1.neweggimages.com/brandimage/Brand207638.gif","https://www.newegg.com/yeyian-ypi-pg47kfc-47y1n-phoenix-glass/p/N82E16883630051#IsFeedbackTab","(85)","Yeyian Phoenix Glass Gaming Desktop, Intel Core i7-14700KF (3.40GHz) 14th Gen, NVIDIA GeForce RTX 4070 Ti SUPER AI Accelerated, 32GB DDR5, 1TB SSD, Windows 11 Home 64-bit, YPI-PG47KFC-47Y1N","Get Intel Holiday Bundle w/ purchase, limited offer","GeForce RTX 4070 Ti SUPER","GPU/VGA Type:","Intel Core i7-14700KF","CPU Name:","32GB DDR5","Memory Capacity:","Windows 11 Home 64-bit","Operating System:","YPI-PG47KFC-47Y1N","Model #:","$2,299.99","1,799",".99","Save:","$500.00","(21%)","","Add to cart","Compare","Free Shipping","from United States",""
"https://www.newegg.com/yeyian-ypi-pg49kfc-47y1n-phoenix-glass/p/N82E16883630052","https://c1.neweggimages.com/productimage/nb300/83-630-052-09.jpg","Quick View","https://www.newegg.com/YEYIAN/BrandStore/ID-207638","https://c1.neweggimages.com/brandimage/Brand207638.gif","https://www.newegg.com/yeyian-ypi-pg49kfc-47y1n-phoenix-glass/p/N82E16883630052#IsFeedbackTab","(85)","Yeyian Phoenix Glass Gaming Desktop PC, Intel Core i9 14900KF, Nvidia GeForce RTX 4070 Ti SUPER, 32GB DDR5, 2TB SSD, Windows 11 Home 64-bit, YPI-PG49KFC-47Y1N","","GeForce RTX 4070 Ti SUPER","GPU/VGA Type:","Intel Core i9-14900KF","CPU Name:","32GB DDR5","Memory Capacity:","Windows 11 Home 64-bit","Operating System:","YPI-PG49KFC-47Y1N","Model #:","$2,699.99","1,989",".99","Save:","$710.00","(26%)","Free Shipping","Back order","Compare","","",""
"https://www.newegg.com/yeyian-ypi-pg47f0c-47s1n-yumi/p/N82E16883630046","https://c1.neweggimages.com/productimage/nb300/83-630-046-03.jpg","Quick View","https://www.newegg.com/YEYIAN/BrandStore/ID-207638","https://c1.neweggimages.com/brandimage/Brand207638.gif","https://www.newegg.com/yeyian-ypi-pg47f0c-47s1n-yumi/p/N82E16883630046#IsFeedbackTab","(85)","Yeyian Phoenix Glass Gaming Desktop PC, Intel Core i7-14700F, Nvidia GeForce RTX 4070 SUPER, 32GB DDR5, 1TB PCIe SSD, Windows 11 Home 64-bit, YPI-PG47F0C-47S1N","","GeForce RTX 4070 SUPER","GPU/VGA Type:","Intel Core i7-14700F","CPU Name:","32GB DDR5","Memory Capacity:","Windows 11 Home 64-bit","Operating System:","YPI-PG47F0C-47S1N","Model #:","$2,099.99","1,459",".99","Save:","$640.00","(30%)","Free Shipping","Back order","Compare","","",""
"https://www.newegg.com/yeyian-ypi-pm49kfc-48s1n-phoenix-mesh/p/N82E16883630054","https://c1.neweggimages.com/productimage/nb300/83-630-054-11.jpg","Quick View","https://www.newegg.com/YEYIAN/BrandStore/ID-207638","https://c1.neweggimages.com/brandimage/Brand207638.gif","https://www.newegg.com/yeyian-ypi-pm49kfc-48s1n-phoenix-mesh/p/N82E16883630054#IsFeedbackTab","(85)","Yeyian Phoenix Iron Mesh Gaming Desktop PC, Intel Core i9 14900KF, Nvidia RTX 4080 SUPER, 32GB DDR5 6000MHz, 2TB SSD, Windows 11 Home 64-bit, YPI-PM49KFC-48S1N","","GeForce RTX 4080 SUPER","GPU/VGA Type:","Intel Core i9-14900KF","CPU Name:","32GB DDR5","Memory Capacity:","Windows 11 Home 64-bit","Operating System:","YPI-PM49KFC-48S1N","Model #:","$2,999.99","2,289",".99","Save:","$710.00","(23%)","Free Shipping","Back order","Compare","","",""
"https://www.newegg.com/yeyian-ypi-pg47kfc-48s1n-phoenix-glass/p/N82E16883630053","https://c1.neweggimages.com/productimage/nb300/83-630-053-07.jpg","Quick View","https://www.newegg.com/YEYIAN/BrandStore/ID-207638","https://c1.neweggimages.com/brandimage/Brand207638.gif","https://www.newegg.com/yeyian-ypi-pg47kfc-48s1n-phoenix-glass/p/N82E16883630053#IsFeedbackTab","(85)","Yeyian Phoenix Glass Gaming Desktop PC, Intel Core i7 14700KF, Nvidia GeForce RTX 4080 SUPER, 32GB DDR5 6000MHz RGB, 2TB SSD, Windows 11 Home 64-bit, YPI-PG47KFC-48S1N","","GeForce RTX 4080 SUPER","GPU/VGA Type:","Intel Core i7-14700KF","CPU Name:","32GB DDR5","Memory Capacity:","Windows 11 Home 64-bit","Operating System:","YPI-PG47KFC-48S1N","Model #:","$2,699.99","2,099",".99","Save:","$600.00","(22%)","Free Shipping","Back order","Compare","","",""
"https://www.newegg.com/acer-n50-640-ur13-nitro-50/p/N82E16883101874","https://c1.neweggimages.com/productimage/nb300/83-101-874-03.jpg","Quick View","https://www.newegg.com/Acer-America/BrandStore/ID-1146","https://c1.neweggimages.com/brandimage/Brand1146.gif","https://www.newegg.com/acer-n50-640-ur13-nitro-50/p/N82E16883101874#IsFeedbackTab","(84)","Acer Gaming Desktop Nitro 50 N50-640-UR13 Intel Core i5-12400F 16GB DDR4 1TB HDD 512 GB PCIe SSD GeForce RTX 3050 Windows 11 Home 64-bit","","GeForce RTX 3050","GPU/VGA Type:","Intel Core i5-12400F","CPU Name:","16GB DDR4","Memory Capacity:","1TB","HDD:","DG.E30AA.004","Model #:","","1,423",".99","","","","","Add to cart","Compare","Free Shipping","from United States",""